start_date,end_date,status,progress,duration_in_seconds,finished,recorded_date,response_id,distribution_channel,user_language,q_recaptcha_score,age,employed,hours_week,job_function,job_function_11_text,job_level,job_level_6_text,tenure_years,check_01,task_clarity,performance_criteria,solution_clarity,task_judgment,ai_tools,ai_tools_9_text,ai_frequency,ai_percent,ai_activities,ai_integration,ai_speed,ai_quality,ai_verification,relative_performance,formal_evaluation,evaluation_outcome,deadline_performance,quality_performance,output_volume,digital_comfort,experience_years,attention_check,job_description,employment_confirm,eligible,ai_z_freq,ai_z_pct,ai_z_int,ai_intensity_index,task_judgment_rev,task_standardization_index,relative_performance_ord
2026-02-23T10:07:13Z,2026-02-23T10:10:29Z,0,100,195,1,2026-02-23T10:10:29Z,R_6DViTSCAAczoCkN,anonymous,EN,1,1,1,36,8,NA,1,NA,2,1,4,4,5,2,59,ChatGPT; Microsoft Co-Pilot,6,15,1236,4,5,5,1,4,1,4,5,5,4,5,5,4,I currently work as an Associate Marriage and Family therapist in a group practice setting,1,1,1.007542177826714,0.04572534887469833,0.7396978623609123,0.5976551296874415,4,4.25,4
2026-02-23T10:08:08Z,2026-02-23T10:10:32Z,0,100,144,1,2026-02-23T10:10:33Z,R_5fJA8hOj2KKbWq6,anonymous,EN,1,1,1,40,3,NA,1,NA,1,1,4,2,3,4,10,NA,1,0,7,1,1,1,3,3,2,NA,3,4,3,4,26,4,Test technician responsible for testing equipment to ensure full functionality,1,1,-1.614123693048919,-0.8628432716225531,-1.501366948356307,-1.326111304342593,2,2.75,3
2026-02-23T10:08:05Z,2026-02-23T10:10:35Z,0,100,149,1,2026-02-23T10:10:35Z,R_3TTbsMCbFhjLsvj,anonymous,EN,1,1,1,40,1,NA,1,NA,1,1,4,4,3,4,13,NA,6,5,234,2,4,4,2,3,2,NA,4,4,3,4,5,4,I'm a software developer,1,1,1.007542177826714,-0.5599870647901359,-0.7543453447839006,-0.10226341058244082,2,3.25,3
2026-02-23T10:07:21Z,2026-02-23T10:11:29Z,0,100,248,1,2026-02-23T10:11:29Z,R_6eV61acyFOt3nDb,anonymous,EN,1,1,1,40,3,NA,3,NA,4.6,1,4,4,4,2,157,NA,6,15,1245,4,4,4,3,4,1,4,4,4,3,4,40,4,Quality manager of a lab,1,1,1.007542177826714,0.04572534887469833,0.7396978623609123,0.5976551296874415,4,4,4
2026-02-23T10:08:01Z,2026-02-23T10:11:57Z,0,100,235,1,2026-02-23T10:11:57Z,R_19bI4TgWfOkdEu8,anonymous,EN,1,1,1,40,11,education,1,NA,1.5,1,4,4,4,2,1,NA,4,20,12356,4,5,4,2,4,1,4,4,4,4,4,25,4,I teach nursing students in an associates degree nursing program.,1,1,-0.04112417052353919,0.34858155570711546,0.7396978623609123,0.3490517491814962,4,4,4
2026-02-23T10:09:40Z,2026-02-23T10:12:28Z,0,100,167,1,2026-02-23T10:12:28Z,R_12G1j0Z0s2BD9DV,anonymous,EN,1,1,1,40,1,NA,2,NA,2,1,4,3,2,5,128,NA,6,10,12356,4,4,3,2,5,1,4,5,5,5,5,20,4,"My primary job is to identify, analyze and report on cybersecurity risks.",1,1,1.007542177826714,-0.25713085795771884,0.7396978623609123,0.49670306074330245,1,2.5,5
2026-02-23T10:08:04Z,2026-02-23T10:12:49Z,0,100,284,1,2026-02-23T10:12:50Z,R_1Ez2qd62gWkGARl,anonymous,EN,1,1,1,40,1,NA,3,NA,4,1,4,5,4,1,135,NA,6,2,123,4,4,5,2,3,1,3,5,4,4,5,11,4,Project Manager,1,1,1.007542177826714,-0.7417007888895862,0.7396978623609123,0.33517975043268,5,4.5,3
2026-02-23T10:09:03Z,2026-02-23T10:14:24Z,0,100,321,1,2026-02-23T10:14:25Z,R_1n7sYE5UTwVHXQY,anonymous,EN,1,1,1,40,4,NA,4,NA,9,1,4,5,3,4,1268,NA,5,50,1356,5,4,4,3,3,2,NA,5,4,5,4,12,4,I’m a senior supervisor of a large retail chain,1,1,0.4832090036515874,2.1657187967016185,1.4867194659333187,1.378549088762175,2,3.5,3
2026-02-23T10:10:38Z,2026-02-23T10:14:30Z,0,100,231,1,2026-02-23T10:14:30Z,R_3EzrkjeFyC73utK,anonymous,EN,1,1,1,52,4,NA,6,owner/operator,11.7,1,5,5,4,2,9,grok,6,45,12356,4,5,5,1,3,2,NA,5,4,3,5,26,4,i am a small business owner/operator and am involved with all aspects of the business.,1,1,1.007542177826714,1.8628625898692013,0.7396978623609123,1.203367543352276,4,4.5,3
2026-02-23T10:09:54Z,2026-02-23T10:14:35Z,0,100,280,1,2026-02-23T10:14:36Z,R_1VEuuj2qawKCe4N,anonymous,EN,0.6000000238418579,1,1,40,1,NA,2,NA,7,1,4,4,4,2,5,NA,4,10,1,2,4,3,3,3,1,4,4,4,3,4,37,4,Keep the computers running.,1,1,-0.04112417052353919,-0.25713085795771884,-0.7543453447839006,-0.3508667910883862,4,4,3
2026-02-23T10:09:35Z,2026-02-23T10:14:51Z,0,100,315,1,2026-02-23T10:14:51Z,R_1vhLArEDedHsSv7,anonymous,EN,1,1,1,40,10,NA,3,NA,3,1,4,4,4,3,12,NA,3,2,346,2,3,2,3,3,1,4,4,4,2,5,13,4,Project management.,1,1,-0.5654573446986658,-0.7417007888895862,-0.7543453447839006,-0.6871678261240509,3,3.75,3
2026-02-23T10:09:21Z,2026-02-23T10:14:53Z,0,100,331,1,2026-02-23T10:14:53Z,R_7mkjNGr1b8WpFYN,anonymous,EN,1,1,1,40,3,NA,1,NA,6.2,1,5,5,5,1,10,NA,1,0,7,1,3,3,3,4,1,4,5,5,5,3,45,4,"I work for Shaw Industries in Dalton, Georgia which is the biggest floor supplier in the United States.",1,1,-1.614123693048919,-0.8628432716225531,-1.501366948356307,-1.326111304342593,5,5,4
2026-02-23T10:10:36Z,2026-02-23T10:15:12Z,0,100,275,1,2026-02-23T10:15:13Z,R_7t17IgVrqRiTqGR,anonymous,EN,1,1,1,40,2,NA,1,NA,3.5,1,4,4,4,2,13,NA,6,35,145,4,4,4,3,4,1,3,4,4,3,4,21,4,My primary job is performing genetic data analysis and writing manuscript.,1,1,1.007542177826714,1.257150176204367,0.7396978623609123,1.0014634054639977,4,4,4
2026-02-23T10:08:58Z,2026-02-23T10:15:41Z,0,100,403,1,2026-02-23T10:15:41Z,R_3fOGEzK9vHtIx1h,anonymous,EN,1,1,1,40,8,NA,3,NA,6,1,4,4,4,3,1,NA,5,15,12,4,4,4,2,4,1,4,4,4,4,4,36,4,I manage the day-to-day operations of a Health Care Clinic.,1,1,0.4832090036515874,0.04572534887469833,0.7396978623609123,0.42287740496239934,3,3.75,4
2026-02-23T10:09:50Z,2026-02-23T10:15:44Z,0,100,353,1,2026-02-23T10:15:44Z,R_3adifeMed38GelP,anonymous,EN,1,1,1,40,5,NA,2,NA,7,1,5,5,5,5,68,NA,6,50,1356,5,5,5,2,5,1,4,5,4,4,4,15,4,Project management i oversee a team of 7.,1,1,1.007542177826714,2.1657187967016185,1.4867194659333187,1.5533268134872171,1,4,5
2026-02-23T10:11:54Z,2026-02-23T10:15:59Z,0,100,244,1,2026-02-23T10:15:59Z,R_6wbs6FGVD39OSMV,anonymous,EN,1,1,1,40,6,NA,1,NA,1,1,5,3,4,3,12,NA,6,10,123,4,5,4,2,4,1,3,4,4,4,1,3,4,Financial Analyst,1,1,1.007542177826714,-0.25713085795771884,0.7396978623609123,0.49670306074330245,3,3.75,4
2026-02-23T10:08:29Z,2026-02-23T10:16:45Z,0,100,495,1,2026-02-23T10:16:45Z,R_1wqA2d8CKZqBrQR,anonymous,EN,0.30000001192092896,1,1,62,2,NA,2,NA,0.6,1,5,5,5,2,1357,NA,5,60,12356,5,5,5,4,5,1,4,5,5,4,4,4,4,i oversee workers,1,1,0.4832090036515874,2.771431210366453,1.4867194659333187,1.580453226650453,4,4.75,5
2026-02-23T10:08:16Z,2026-02-23T10:16:55Z,0,100,518,1,2026-02-23T10:16:56Z,R_5E5ftkUQtZArwgF,anonymous,EN,1,1,1,40,8,NA,1,NA,2,1,4,4,4,2,238,NA,4,10,126,4,4,3,1,4,1,4,5,5,5,5,2,4,"I am a Customer Support Specialist, so my role involves assisting our customers and sales team with anything they may need.",1,1,-0.04112417052353919,-0.25713085795771884,0.7396978623609123,0.1471476112932181,4,4,4
2026-02-23T10:12:05Z,2026-02-23T10:16:57Z,0,100,292,1,2026-02-23T10:16:58Z,R_5yefxOmr3thmDDt,anonymous,EN,1,1,1,60,11,Writing,4,NA,19,1,4,4,2,4,10,NA,2,0,6,1,1,1,2,3,2,NA,3,4,3,4,42,4,My primary job is working as a writer and freelance illustrator.,1,1,-1.0897905188737924,-0.8628432716225531,-1.501366948356307,-1.1513335796175508,2,3,3
2026-02-23T10:08:39Z,2026-02-23T10:16:58Z,0,100,499,1,2026-02-23T10:16:59Z,R_68d6FSveJOHd5df,anonymous,EN,0.8999999761581421,1,1,40,8,NA,1,NA,4,1,4,4,5,2,128,NA,6,70,12,4,4,4,4,3,2,NA,5,5,4,4,4,4,I am a Sales agent who also helps with customer support inquiries.,1,1,1.007542177826714,3.377143624031287,0.7396978623609123,1.7081278880729711,4,4.25,3
2026-02-23T10:11:14Z,2026-02-23T10:17:23Z,0,100,368,1,2026-02-23T10:17:23Z,R_5dmv66hl6yqMVfE,anonymous,EN,1,1,1,50,2,NA,3,NA,12,1,4,4,4,2,134,NA,6,8,12345,4,4,4,2,4,1,4,4,4,5,5,34,4,I perform data analysis and data maintenance for a business services company.,1,1,1.007542177826714,-0.3782733406906857,0.7396978623609123,0.45632223316564685,4,4,4
2026-02-23T10:09:30Z,2026-02-23T10:18:04Z,0,100,514,1,2026-02-23T10:18:05Z,R_1UVlPI4zWYp2ofW,anonymous,EN,1,1,1,40,10,NA,3,NA,6,1,4,4,5,2,1,NA,2,5,15,2,4,3,3,4,1,4,5,5,5,5,19,4,Office manager for agriculture company,1,1,-1.0897905188737924,-0.5599870647901359,-0.7543453447839006,-0.8013743094826097,4,4.25,4
2026-02-23T10:09:52Z,2026-02-23T10:19:37Z,0,100,585,1,2026-02-23T10:19:37Z,R_1GEtUiBhRiNv4YJ,anonymous,EN,1,1,1,40,11,Education,2,NA,13.5,1,4,4,3,3,13,NA,6,20,1236,3,5,5,1,4,1,4,5,5,5,5,13.5,4,I teach students math:,1,1,1.007542177826714,0.34858155570711546,-0.007323741211494155,0.4495999974407784,3,3.5,4
2026-02-23T10:07:56Z,2026-02-23T10:21:04Z,0,100,787,1,2026-02-23T10:21:04Z,R_7ReGxAfHGLvkHwu,anonymous,EN,0.800000011920929,1,1,40,8,NA,1,NA,3.5,1,5,4,4,2,10,NA,1,0,7,2,3,3,1,3,1,4,4,4,2,4,10,4,I schedule appointments for eye doctors,1,1,-1.614123693048919,-0.8628432716225531,-0.7543453447839006,-1.077104103151791,4,4.25,3
2026-02-23T10:11:13Z,2026-02-23T10:21:34Z,0,100,621,1,2026-02-23T10:21:35Z,R_7EJZqs35og10e0x,anonymous,EN,0.8999999761581421,1,1,40,6,NA,1,NA,5,1,5,4,4,3,1,NA,4,10,5,2,4,4,1,3,1,4,4,3,2,4,16,4,I process loans for a non-profit that provides financing to small business owners that want to buy the building that they current rent.,1,1,-0.04112417052353919,-0.25713085795771884,-0.7543453447839006,-0.3508667910883862,3,4,3
2026-02-23T10:12:00Z,2026-02-23T10:22:18Z,0,100,617,1,2026-02-23T10:22:18Z,R_11hfA3smaiYEoXD,anonymous,EN,1,1,1,40,8,NA,2,NA,6.5,1,4,5,4,3,15,NA,3,5,56,3,4,4,2,4,1,4,5,5,4,4,25,4,My primary job is to manage the operation of a college library,1,1,-0.5654573446986658,-0.5599870647901359,-0.007323741211494155,-0.3775893835667653,3,4,4
2026-02-23T10:08:52Z,2026-02-23T10:25:45Z,0,100,1012,1,2026-02-23T10:25:46Z,R_1k0xfRC5ryEUlCl,anonymous,EN,1,1,1,45,3,NA,2,NA,3,1,4,5,3,4,2,NA,4,5,126,3,4,5,4,5,1,5,5,5,5,5,21,4,"I handle all same-day and/or service calls for a commercial and residential electrical company, while managing a team of service technicians.",1,1,-0.04112417052353919,-0.5599870647901359,-0.007323741211494155,-0.20281165884172309,2,3.5,5
2026-02-23T10:10:39Z,2026-02-23T10:26:19Z,0,100,939,1,2026-02-23T10:26:19Z,R_5hXZBaypfTdj5Jd,anonymous,EN,1,1,1,40,1,NA,3,NA,8,1,5,4,5,2,15,NA,5,45,236,4,5,4,3,4,1,4,5,5,4,4,19,4,my job is being an IT Manager in my company,1,1,0.4832090036515874,1.8628625898692013,0.7396978623609123,1.0285898186272338,4,4.5,4
2026-02-23T10:11:01Z,2026-02-23T10:26:47Z,0,100,945,1,2026-02-23T10:26:47Z,R_3JCmGIpAZcoLu4B,anonymous,EN,1,1,1,40,8,NA,1,NA,4,1,4,4,4,5,8,NA,2,5,25,2,5,4,4,3,1,4,4,5,4,4,11,4,Client service management and retention,1,1,-1.0897905188737924,-0.5599870647901359,-0.7543453447839006,-0.8013743094826097,1,3.25,3
2026-02-23T10:48:59Z,2026-02-23T10:54:40Z,0,100,340,1,2026-02-23T10:54:40Z,R_7WpAfjXeyJrRRAt,anonymous,EN,1,1,1,40,5,NA,1,NA,2,1,4,4,5,2,15,NA,4,30,125,3,4,4,2,3,1,4,4,4,3,4,17,4,Digital marketing for a real estate company,1,1,-0.04112417052353919,0.9542939693719498,-0.007323741211494155,0.30194868587897217,4,4.25,3
2026-02-25T10:27:47Z,2026-02-25T10:30:21Z,0,100,154,1,2026-02-25T10:30:22Z,R_6woJqaDOhayuvIZ,anonymous,EN,1,1,1,40,1,NA,1,NA,0.5,1,3,2,2,5,2,NA,6,10,1236,3,4,4,2,3,2,NA,4,4,3,4,6.5,4,Internal auditing of software teams for new cybersecurity related standards and certifications,1,1,1.007542177826714,-0.25713085795771884,-0.007323741211494155,0.24769585955250034,1,2,3
2026-02-25T10:27:58Z,2026-02-25T10:30:37Z,0,100,158,1,2026-02-25T10:30:38Z,R_6QRjKFwAsyrBNWY,anonymous,EN,1,1,1,40,11,Law,3,NA,13,1,4,4,4,4,10,NA,1,0,7,2,2,2,2,2,1,4,4,4,4,4,25,4,I am a police officer.,1,1,-1.614123693048919,-0.8628432716225531,-0.7543453447839006,-1.077104103151791,2,3.5,2
2026-02-25T10:28:33Z,2026-02-25T10:30:59Z,0,100,146,1,2026-02-25T10:31:00Z,R_7akJSc4Mzs9D4I4,anonymous,EN,1,1,1,40,1,NA,1,NA,14.5,1,4,4,4,3,1,NA,2,1,4,2,3,4,3,3,1,4,4,4,3,5,28,4,I am a consulting software tester.,1,1,-1.0897905188737924,-0.8022720302560697,-0.7543453447839006,-0.8821359646379209,3,3.75,3
2026-02-25T10:28:05Z,2026-02-25T10:31:16Z,0,100,191,1,2026-02-25T10:31:16Z,R_7fHIcSP2DnvyPaX,anonymous,EN,1,1,1,45,3,NA,3,NA,6,1,4,4,4,2,2357,NA,5,10,125,4,5,5,2,4,1,4,5,5,5,5,28,4,I am a caretaker and a manager.,1,1,0.4832090036515874,-0.25713085795771884,0.7396978623609123,0.3219253360182603,4,4,4
2026-02-25T10:28:23Z,2026-02-25T10:31:20Z,0,100,177,1,2026-02-25T10:31:21Z,R_3Nx1m6gMMIKSQcT,anonymous,EN,1,1,1,40,3,NA,1,NA,3,1,2,1,2,2,2,NA,3,10,1,2,2,4,4,3,2,NA,4,4,2,4,3,4,I am an engineer at an environmental consulting company,1,1,-0.5654573446986658,-0.25713085795771884,-0.7543453447839006,-0.5256445158134284,4,2.25,3
2026-02-25T10:27:48Z,2026-02-25T10:31:28Z,0,100,220,1,2026-02-25T10:31:29Z,R_7Esf8C1ci3exp4O,anonymous,EN,1,1,1,40,6,NA,1,NA,2.5,1,3,2,2,4,10,NA,2,2,7,1,1,1,1,4,2,NA,5,4,4,5,14.5,4,I process accounts receivable and payable as well as process payroll and expense processing,1,1,-1.0897905188737924,-0.7417007888895862,-1.501366948356307,-1.1109527520398952,2,2.25,4
2026-02-25T10:28:23Z,2026-02-25T10:31:31Z,0,100,187,1,2026-02-25T10:31:31Z,R_3inxSdMDYoGLyH5,anonymous,EN,1,1,1,40,11,Elections Technology,1,NA,10,1,4,4,4,2,1,NA,2,1,346,1,4,4,2,5,2,NA,5,5,5,5,10,4,To create ballot tabulation databases,1,1,-1.0897905188737924,-0.8022720302560697,-1.501366948356307,-1.131143165828723,4,4,5
2026-02-25T10:27:47Z,2026-02-25T10:32:33Z,0,100,285,1,2026-02-25T10:32:33Z,R_6IzQlN09Ditsslo,anonymous,EN,1,1,1,40,6,NA,3,NA,9,1,5,5,4,2,1,NA,5,5,23,4,4,4,2,4,1,4,4,4,4,5,15,4,Accounting and payroll.,1,1,0.4832090036515874,-0.5599870647901359,0.7396978623609123,0.22097326707412127,4,4.5,4
2026-02-25T10:31:00Z,2026-02-25T10:33:27Z,0,100,147,1,2026-02-25T10:33:28Z,R_6ONhBkdkjvPjIoa,anonymous,EN,1,1,1,50,10,NA,3,NA,18,1,5,5,5,1,10,NA,1,0,7,1,1,1,1,5,1,4,5,5,5,3,33,4,I run a crew that builds and remodels homes,1,1,-1.614123693048919,-0.8628432716225531,-1.501366948356307,-1.326111304342593,5,5,5
2026-02-25T10:31:06Z,2026-02-25T10:33:49Z,0,100,162,1,2026-02-25T10:33:49Z,R_7xj0OCin1pTVRyV,anonymous,EN,1,1,1,40,1,NA,1,NA,4,1,3,2,1,5,2,NA,5,1,1356,3,5,4,3,4,1,3,5,5,5,4,20,4,I am an R&D Engineer in a building materials company and I work on developing new products at a lab scale,1,1,0.4832090036515874,-0.8022720302560697,-0.007323741211494155,-0.10879558927199216,1,1.75,4
2026-02-25T10:30:14Z,2026-02-25T10:33:49Z,0,100,215,1,2026-02-25T10:33:50Z,R_7DV5GOeohPrHi1P,anonymous,EN,1,1,1,40,3,NA,5,NA,3,1,4,4,4,2,3,NA,3,5,136,2,4,4,2,3,2,NA,4,4,4,4,30,4,"Owner, e-commerce business.",1,1,-0.5654573446986658,-0.5599870647901359,-0.7543453447839006,-0.6265965847575674,4,4,3
2026-02-25T10:30:26Z,2026-02-25T10:33:51Z,0,100,205,1,2026-02-25T10:33:52Z,R_6rd1TDp0S70tRct,anonymous,EN,0.8999999761581421,1,1,50,4,NA,1,NA,18,1,2,4,2,5,1,NA,4,10,14,2,4,4,3,4,1,4,5,5,4,4,30,4,I am a Sales Engineer for a start up software company.,1,1,-0.04112417052353919,-0.25713085795771884,-0.7543453447839006,-0.3508667910883862,1,2.25,4
2026-02-25T10:28:02Z,2026-02-25T10:34:19Z,0,100,377,1,2026-02-25T10:34:20Z,R_16Valmy65iacRXP,anonymous,EN,1,1,1,40,11,Consulting,1,NA,1,1,4,3,4,1,1,NA,3,5,2,1,4,4,1,3,2,NA,4,4,4,3,7,4,I work with Architects and Engineers on their designs as I prepare their drawings to be ready to be filed at the Department of Buildings,1,1,-0.5654573446986658,-0.5599870647901359,-1.501366948356307,-0.8756037859483696,5,4,3
2026-02-25T10:28:12Z,2026-02-25T10:34:27Z,0,100,375,1,2026-02-25T10:34:28Z,R_6ZGn3gE8uC2f30t,anonymous,EN,1,1,1,50,3,NA,2,NA,6,1,2,2,1,5,1,NA,6,10,123,5,5,5,2,4,1,5,5,5,5,5,11,4,I manage a team that assemebles motor control systems,1,1,1.007542177826714,-0.25713085795771884,1.4867194659333187,0.7457102619341046,1,1.5,4
2026-02-25T10:31:46Z,2026-02-25T10:34:45Z,0,100,179,1,2026-02-25T10:34:46Z,R_1HpkqgiXNI63m3l,anonymous,EN,0.8999999761581421,1,1,40,11,Forestry/Logging,1,NA,13,1,5,5,5,1,10,NA,1,0,7,1,3,3,2,3,1,3,5,5,4,5,13,4,"I work in a small team on trees; falling, pruning, etc.",1,1,-1.614123693048919,-0.8628432716225531,-1.501366948356307,-1.326111304342593,5,5,3
2026-02-25T10:32:25Z,2026-02-25T10:34:50Z,0,100,145,1,2026-02-25T10:34:51Z,R_5tYcQpAfWf43Smt,anonymous,EN,1,1,1,40,1,NA,1,NA,18,1,4,4,4,2,10,NA,1,0,7,1,1,1,4,3,1,4,5,5,5,2,18,4,I am a web application tester.,1,1,-1.614123693048919,-0.8628432716225531,-1.501366948356307,-1.326111304342593,4,4,3
2026-02-25T10:31:51Z,2026-02-25T10:34:57Z,0,100,186,1,2026-02-25T10:34:58Z,R_1yj9LwF5s2ZPdki,anonymous,EN,1,1,1,40,11,Scientist,1,NA,5,1,4,4,4,4,1,NA,3,1,1,2,4,4,4,3,1,3,4,4,4,4,10,4,Scientist working in biosafety testing,1,1,-0.5654573446986658,-0.8022720302560697,-0.7543453447839006,-0.7073582399128787,2,3.5,3
2026-02-25T10:32:01Z,2026-02-25T10:35:22Z,0,100,201,1,2026-02-25T10:35:22Z,R_7Z8tGxOviqQmP1T,anonymous,EN,1,1,1,40,10,NA,3,NA,5,1,4,4,4,4,28,NA,4,5,56,2,3,3,4,3,1,2,5,4,3,4,14,4,I am a Program Manager,1,1,-0.04112417052353919,-0.5599870647901359,-0.7543453447839006,-0.45181886003252525,2,3.5,3
2026-02-25T10:27:38Z,2026-02-25T10:35:23Z,0,100,464,1,2026-02-25T10:35:24Z,R_65MijN9s1dGV5VT,anonymous,EN,1,1,1,40,6,NA,3,NA,1.6,1,4,4,4,2,127,NA,5,25,125,4,5,5,1,4,1,4,5,5,5,4,8,4,Financial reporting and budgets,1,1,0.4832090036515874,0.6514377625395327,0.7396978623609123,0.6247815428506774,4,4,4
2026-02-25T10:32:21Z,2026-02-25T10:35:33Z,0,100,191,1,2026-02-25T10:35:33Z,R_1etyA8eGOSd6LzW,anonymous,EN,1,1,1,40,2,NA,1,NA,1,1,3,2,2,4,12,NA,5,10,1245,3,4,2,5,3,2,NA,4,5,2,5,8,4,I am a scientist.,1,1,0.4832090036515874,-0.25713085795771884,-0.007323741211494155,0.07291813482745815,2,2.25,3
2026-02-25T10:29:49Z,2026-02-25T10:35:51Z,0,100,361,1,2026-02-25T10:35:51Z,R_5qBdrhgskJ4skmJ,anonymous,EN,1,1,1,35,11,education,3,NA,9,1,4,4,3,4,25,NA,6,30,1236,3,4,4,3,3,1,3,4,4,4,4,9,4,I am a teacher at a charter school,1,1,1.007542177826714,0.9542939693719498,-0.007323741211494155,0.6515041353290565,2,3.25,3
2026-02-25T10:33:04Z,2026-02-25T10:35:56Z,0,100,171,1,2026-02-25T10:35:56Z,R_6s4et7Tp1Z6zUH6,anonymous,EN,1,1,1,40,1,NA,1,NA,1.75,1,4,4,3,4,1,NA,6,40,4,5,5,5,3,4,1,4,5,5,5,5,6,4,"I am a software developer tasked with writing code, tests, implementing new features, and fixing bugs.",1,1,1.007542177826714,1.5600063830367843,1.4867194659333187,1.351422675598939,2,3.25,4
2026-02-25T10:30:15Z,2026-02-25T10:36:27Z,0,100,372,1,2026-02-25T10:36:27Z,R_5RNLod3XsrMeeI1,anonymous,EN,1,1,1,32,8,NA,1,NA,9.3,1,5,3,5,1,10,NA,1,0,7,1,1,1,3,3,2,NA,3,3,3,3,32.3,4,customer service for a logistics company,1,1,-1.614123693048919,-0.8628432716225531,-1.501366948356307,-1.326111304342593,5,4.5,3
2026-02-25T10:33:09Z,2026-02-25T10:37:03Z,0,100,233,1,2026-02-25T10:37:03Z,R_6rx30NE89vzOoct,anonymous,EN,1,1,1,40,4,NA,4,NA,3,1,3,3,4,4,1257,NA,5,20,1236,4,4,4,2,3,1,3,4,4,4,4,22,4,I am responsible for sales in my organization.,1,1,0.4832090036515874,0.34858155570711546,0.7396978623609123,0.5238294739065383,2,3,3
2026-02-25T10:34:40Z,2026-02-25T10:37:21Z,0,100,161,1,2026-02-25T10:37:22Z,R_5nUd4eSVBh6EoPn,anonymous,EN,1,1,1,40,2,NA,1,NA,2,1,4,4,4,3,13,NA,5,15,12346,3,4,3,3,4,1,5,5,4,4,5,13,4,I run data analysis for an HR/leadership/coaching consultancy firm,1,1,0.4832090036515874,0.04572534887469833,-0.007323741211494155,0.1738702037715972,3,3.75,4
2026-02-25T10:33:18Z,2026-02-25T10:37:41Z,0,100,263,1,2026-02-25T10:37:41Z,R_1KuT3XZEPAov7dO,anonymous,EN,1,1,1,40,8,NA,1,NA,8,1,4,4,4,4,2,NA,4,20,2,4,4,5,4,3,2,NA,4,4,4,4,22,4,I work as a caregiver helping seniors,1,1,-0.04112417052353919,0.34858155570711546,0.7396978623609123,0.3490517491814962,2,3.5,3
2026-02-25T10:29:58Z,2026-02-25T10:37:44Z,0,100,465,1,2026-02-25T10:37:44Z,R_3SAWpWs0kiFdJuG,anonymous,EN,1,1,1,40,2,NA,1,NA,9,1,4,4,4,2,2,NA,2,3,36,2,4,3,2,4,1,4,4,4,5,5,9,4,I perform DNA extraction on crop samples,1,1,-1.0897905188737924,-0.6811295475231028,-0.7543453447839006,-0.8417551370602653,4,4,4
2026-02-25T10:34:13Z,2026-02-25T10:38:03Z,0,100,230,1,2026-02-25T10:38:04Z,R_5XYKH6T8j8wItUJ,anonymous,EN,1,1,1,40,11,Administrative,1,NA,8.5,1,5,5,5,2,1,NA,6,35,12356,5,5,5,1,4,1,4,5,4,4,5,26,4,I am an office technician who performs data entry and data analysis.,1,1,1.007542177826714,1.257150176204367,1.4867194659333187,1.2504706066548,4,4.75,4
2026-02-25T10:34:39Z,2026-02-25T10:38:30Z,0,100,231,1,2026-02-25T10:38:30Z,R_5rTASbAC4zZ1hnL,anonymous,EN,1,1,1,40,2,NA,1,NA,1.8,1,4,3,2,5,8,NA,6,80,25,5,3,3,4,3,1,2,5,3,4,4,5,4,Rating and classifying any issues in terms of AI helpfulness in terms of search quality.,1,1,1.007542177826714,3.982856037696121,1.4867194659333187,2.1590392271520513,1,2.5,3
2026-02-25T10:34:19Z,2026-02-25T10:38:30Z,0,100,251,1,2026-02-25T10:38:31Z,R_3OUAZxOwxWYHq1t,anonymous,EN,1,1,1,40,1,NA,2,NA,3,1,4,4,4,2,9,ChatGPT,6,30,12345,5,5,5,1,5,2,NA,5,5,5,5,27,4,Computer programmer lead,1,1,1.007542177826714,0.9542939693719498,1.4867194659333187,1.149518537710661,4,4,5
2026-02-25T10:35:28Z,2026-02-25T10:39:24Z,0,100,236,1,2026-02-25T10:39:25Z,R_3lnkPvGHEmWhxWT,anonymous,EN,1,1,1,45,11,I do all of the above aside from operation.,4,NA,9,1,2,2,2,4,1,NA,6,10,123,4,4,4,2,5,2,NA,5,5,4,5,27,4,"I manage the whole company a/p, a/r, sales, IT, dispatch, admin etc.",1,1,1.007542177826714,-0.25713085795771884,0.7396978623609123,0.49670306074330245,2,2,5
2026-02-25T10:38:12Z,2026-02-25T10:39:57Z,0,100,105,1,2026-02-25T10:39:57Z,R_6Ufm44K8F2705du,anonymous,EN,1,1,1,40,2,NA,1,NA,3,1,4,4,4,3,10,NA,1,0,7,2,2,2,2,3,2,NA,4,4,4,3,37,4,I do freelance data entry,1,1,-1.614123693048919,-0.8628432716225531,-0.7543453447839006,-1.077104103151791,3,3.75,3
2026-02-25T10:36:44Z,2026-02-25T10:40:13Z,0,100,208,1,2026-02-25T10:40:13Z,R_6OH0lArIGQSxFXL,anonymous,EN,1,1,1,40,10,NA,4,NA,8,1,2,4,4,2,1,NA,5,25,136,4,5,5,2,4,2,NA,4,4,4,4,35,4,Director of Operations for an event company,1,1,0.4832090036515874,0.6514377625395327,0.7396978623609123,0.6247815428506774,4,3.5,4
2026-02-25T10:34:20Z,2026-02-25T10:40:25Z,0,100,365,1,2026-02-25T10:40:26Z,R_7VLk8Vnm1e3KgJH,anonymous,EN,1,1,1,60,11,Graphic Design,5,NA,2,1,4,4,4,2,3,NA,6,30,26,4,4,4,2,3,2,NA,3,3,4,4,30,4,I am a graphic designer,1,1,1.007542177826714,0.9542939693719498,0.7396978623609123,0.9005113365198587,4,4,3
2026-02-25T10:36:59Z,2026-02-25T10:40:28Z,0,100,209,1,2026-02-25T10:40:29Z,R_3hyF5Xb7rDz6wt3,anonymous,EN,1,1,1,40,9,NA,3,NA,1,1,5,5,3,5,12,NA,6,10,1236,4,5,4,2,4,1,4,5,5,5,4,8,4,QA Manager,1,1,1.007542177826714,-0.25713085795771884,0.7396978623609123,0.49670306074330245,1,3.5,4
2026-02-25T10:35:43Z,2026-02-25T10:40:55Z,0,100,311,1,2026-02-25T10:40:55Z,R_1eRI0R6Rzhmb0i2,anonymous,EN,1,1,1,40,2,NA,1,NA,2.7,1,5,5,4,2,1239,deepseek,6,10,2345,4,4,5,1,4,1,4,4,4,4,5,14,4,data analyst,1,1,1.007542177826714,-0.25713085795771884,0.7396978623609123,0.49670306074330245,4,4.5,4
2026-02-25T10:34:39Z,2026-02-25T10:41:30Z,0,100,411,1,2026-02-25T10:41:31Z,R_54wwPHytddtKob7,anonymous,EN,1,1,1,36,8,NA,2,NA,1,1,4,4,4,2,10,NA,1,0,7,1,2,2,2,4,2,NA,5,4,4,4,20,4,veterinary nurse in a small animal clinic,1,1,-1.614123693048919,-0.8628432716225531,-1.501366948356307,-1.326111304342593,4,4,4
2026-02-25T10:36:12Z,2026-02-25T10:41:31Z,0,100,319,1,2026-02-25T10:41:32Z,R_3PmIxDj3dw5xUxs,anonymous,EN,1,1,1,50,1,NA,4,NA,4,1,4,4,2,4,123,NA,4,5,24,2,4,2,4,4,2,NA,4,4,4,4,26,4,"Manage employees, manage projects, manage programs, some training, some hiring, quality control",1,1,-0.04112417052353919,-0.5599870647901359,-0.7543453447839006,-0.45181886003252525,2,3,4
2026-02-25T10:37:54Z,2026-02-25T10:41:44Z,0,100,229,1,2026-02-25T10:41:44Z,R_5UzeaOOCi7MDHTH,anonymous,EN,0.8999999761581421,1,1,40,1,NA,3,NA,10.5,1,5,5,5,1,10,NA,1,0,7,1,1,1,3,3,1,4,5,5,3,4,27,4,I am a systems administrator.,1,1,-1.614123693048919,-0.8628432716225531,-1.501366948356307,-1.326111304342593,5,5,3
2026-02-25T10:41:11Z,2026-02-25T10:42:11Z,0,100,60,1,2026-02-25T10:42:11Z,R_3D5EIJbpvuOkoOi,anonymous,EN,1,1,1,45,1,NA,2,NA,1,1,5,4,5,2,248,NA,6,30,124,5,5,5,2,5,1,5,5,5,5,5,5,4,Lead software engineer for a team of 6 developers,1,1,1.007542177826714,0.9542939693719498,1.4867194659333187,1.149518537710661,4,4.5,5
2026-02-25T10:38:03Z,2026-02-25T10:44:05Z,0,100,361,1,2026-02-25T10:44:05Z,R_70doRkKSHEMqLol,anonymous,EN,1,1,1,40,6,NA,4,NA,6,1,4,4,3,5,2,NA,4,2,1236,2,4,3,3,4,1,4,5,4,3,4,16,4,"Director of finance. Support internal accounting, external reporting, FPA, and investor relations.",1,1,-0.04112417052353919,-0.7417007888895862,-0.7543453447839006,-0.5123901013990086,1,3,4
2026-02-25T10:30:18Z,2026-02-25T10:44:14Z,0,100,836,1,2026-02-25T10:44:15Z,R_6I75RokNOloF47b,anonymous,EN,1,1,1,40,7,NA,3,NA,6,1,5,5,5,1,10,NA,6,30,1235,3,5,5,2,5,1,4,5,5,5,5,6,4,I handle all HR processes and the department,1,1,1.007542177826714,0.9542939693719498,-0.007323741211494155,0.6515041353290565,5,5,5
2026-02-25T10:41:28Z,2026-02-25T10:44:37Z,0,100,189,1,2026-02-25T10:44:37Z,R_6kSvAo9Dtgf4Is2,anonymous,EN,0.8999999761581421,1,1,40,11,Education/teacher,1,NA,18,1,3,3,4,4,125,NA,5,30,136,4,4,4,2,5,1,4,4,4,4,4,40,4,"I teach 9th-12th grade students at an urban, public high school.",1,1,0.4832090036515874,0.9542939693719498,0.7396978623609123,0.7257336117948165,2,3,5
2026-02-25T10:36:45Z,2026-02-25T10:44:39Z,0,100,473,1,2026-02-25T10:44:39Z,R_5hDQiMg2Ntw4uyw,anonymous,EN,1,1,1,40,3,NA,3,NA,5,1,4,5,5,4,12,NA,6,20,5,5,5,5,3,4,1,5,5,5,5,5,10,4,I do back-end work for a lead gen company and set up integrations into various CRM platforms.,1,1,1.007542177826714,0.34858155570711546,1.4867194659333187,0.9476143998223827,2,4,4
2026-02-25T10:40:13Z,2026-02-25T10:44:45Z,0,100,272,1,2026-02-25T10:44:46Z,R_56GRpHYNwiFgobT,anonymous,EN,1,1,1,45,11,Writing educational materials,1,NA,16,1,5,5,4,2,134,NA,6,20,13,4,5,5,2,3,2,NA,4,4,2,5,37,4,I create educational materials and sell them online (paperback and digital) for teachers and homeschool parents.,1,1,1.007542177826714,0.34858155570711546,0.7396978623609123,0.6986071986315806,4,4.5,3
2026-02-25T10:42:23Z,2026-02-25T10:45:09Z,0,100,165,1,2026-02-25T10:45:09Z,R_6R8hYbh0gicPcLs,anonymous,EN,1,1,1,40,1,NA,1,NA,14,1,5,4,4,2,1,NA,6,10,12,4,5,4,2,4,1,4,5,5,4,4,39,4,I'm a technical writer for a corporate PC helpdesk,1,1,1.007542177826714,-0.25713085795771884,0.7396978623609123,0.49670306074330245,4,4.25,4
2026-02-25T10:39:03Z,2026-02-25T10:45:13Z,0,100,369,1,2026-02-25T10:45:13Z,R_71nhHZFX23wE5RY,anonymous,EN,1,1,1,45,11,Construction,2,NA,6,1,4,4,4,2,13,NA,6,10,1236,4,5,4,3,4,1,4,5,4,4,5,15,4,I manage a small team of construction workers.,1,1,1.007542177826714,-0.25713085795771884,0.7396978623609123,0.49670306074330245,4,4,4
2026-02-25T10:40:46Z,2026-02-25T10:45:23Z,0,100,276,1,2026-02-25T10:45:23Z,R_7380ZPsVjN1qDKA,anonymous,EN,1,1,1,40,11,hospitality,1,NA,1,1,4,4,4,2,8,NA,2,5,6,3,4,4,3,3,1,3,5,4,5,3,52,4,I clean and prep,1,1,-1.0897905188737924,-0.5599870647901359,-0.007323741211494155,-0.5523671082918075,4,4,3
2026-02-25T10:42:20Z,2026-02-25T10:46:02Z,0,100,222,1,2026-02-25T10:46:03Z,R_7ooSVWTswjYHMF2,anonymous,EN,1,1,1,45,6,NA,1,NA,2,1,4,4,4,2,12,NA,5,25,15,4,4,4,4,3,1,3,4,4,2,4,25,4,financial reporting and accounting,1,1,0.4832090036515874,0.6514377625395327,0.7396978623609123,0.6247815428506774,4,4,3
2026-02-25T10:43:32Z,2026-02-25T10:46:51Z,0,100,199,1,2026-02-25T10:46:52Z,R_5cAdVKTyo0RKDO7,anonymous,EN,1,1,1,50,2,NA,1,NA,7,1,5,5,4,2,10,NA,1,0,7,1,1,1,3,3,2,NA,4,4,3,5,17,4,I help train AI LLMs and analyze data,1,1,-1.614123693048919,-0.8628432716225531,-1.501366948356307,-1.326111304342593,4,4.5,3
2026-02-25T10:32:37Z,2026-02-25T10:47:51Z,0,100,913,1,2026-02-25T10:47:51Z,R_6V600hCsmkjTLm9,anonymous,EN,1,1,1,36,11,Healthcare,1,NA,1,1,4,4,4,2,10,NA,1,0,7,1,1,1,5,3,1,3,4,4,4,4,5,4,"As a Registered a nurse I assess patient condition, administer prescribed medications and treatments, and document.",1,1,-1.614123693048919,-0.8628432716225531,-1.501366948356307,-1.326111304342593,4,4,3
2026-02-25T10:43:18Z,2026-02-25T10:49:22Z,0,100,364,1,2026-02-25T10:49:23Z,R_76NGPopE4rRvqhj,anonymous,EN,1,1,1,40,2,NA,1,NA,3,1,4,4,2,4,17,NA,6,10,5,4,3,3,4,3,3,NA,4,3,4,4,11,4,"I research, fact-check, and analyze outputs from AI to help train them.",1,1,1.007542177826714,-0.25713085795771884,0.7396978623609123,0.49670306074330245,2,3,3
2026-02-25T10:47:04Z,2026-02-25T10:49:48Z,0,100,163,1,2026-02-25T10:49:48Z,R_7QfrSZZLzUtmbK8,anonymous,EN,1,1,1,40,10,NA,1,NA,4,1,4,4,5,2,10,NA,1,0,7,1,1,1,3,4,1,4,4,4,5,3,5,4,I manage state and federal environmental grants for a state agency.,1,1,-1.614123693048919,-0.8628432716225531,-1.501366948356307,-1.326111304342593,4,4.25,4
2026-02-25T10:47:15Z,2026-02-25T10:50:01Z,0,100,165,1,2026-02-25T10:50:01Z,R_7mgDvsYn2uIEiS7,anonymous,EN,1,1,1,40,3,NA,4,NA,7,1,4,4,4,2,14,NA,5,15,2345,4,5,4,2,4,2,NA,4,4,4,5,12,4,I am an operations manager for a B2B ecommerce company.,1,1,0.4832090036515874,0.04572534887469833,0.7396978623609123,0.42287740496239934,4,4,4
2026-02-25T10:46:51Z,2026-02-25T10:50:58Z,0,100,246,1,2026-02-25T10:50:58Z,R_7lMpAxLBcMk47BT,anonymous,EN,1,1,1,40,2,NA,1,NA,2.75,1,4,4,3,3,14,NA,6,10,1356,4,5,5,2,5,2,NA,5,5,5,5,4,4,I perform data analysis and manage federal and state grants.,1,1,1.007542177826714,-0.25713085795771884,0.7396978623609123,0.49670306074330245,3,3.5,5
2026-02-25T10:48:37Z,2026-02-25T10:51:34Z,0,100,177,1,2026-02-25T10:51:35Z,R_3p3WimsGYXBCnWk,anonymous,EN,1,1,1,40,11,Retail manager,3,NA,3.5,1,4,4,4,2,12,NA,6,5,1,5,5,5,1,5,1,4,5,5,5,5,22,4,I am a retail manager.,1,1,1.007542177826714,-0.5599870647901359,1.4867194659333187,0.6447581929899655,4,4,5
2026-02-25T10:48:50Z,2026-02-25T10:51:52Z,0,100,182,1,2026-02-25T10:51:53Z,R_6uqDoelIBXt5GtT,anonymous,EN,1,1,1,40,10,NA,1,NA,0.5,1,4,4,2,4,3,NA,3,1,12,2,4,4,4,4,1,4,4,5,4,5,4,4,"Work with people across the company to ideate, build, and measure software features for customers.",1,1,-0.5654573446986658,-0.8022720302560697,-0.7543453447839006,-0.7073582399128787,2,3,4
2026-02-25T10:47:13Z,2026-02-25T10:51:58Z,0,100,284,1,2026-02-25T10:51:58Z,R_11o6soCTABgfprf,anonymous,EN,1,1,1,40,1,NA,1,NA,3,1,5,4,4,2,2,NA,3,5,13,2,3,2,2,4,1,3,4,4,4,4,4,4,System Administrator,1,1,-0.5654573446986658,-0.5599870647901359,-0.7543453447839006,-0.6265965847575674,4,4.25,4
2026-02-25T10:50:34Z,2026-02-25T10:53:38Z,0,100,183,1,2026-02-25T10:53:38Z,R_5ib1FJ6WikI20Vg,anonymous,EN,1,1,1,40,11,Manufacturing,1,NA,3.5,1,4,2,4,4,10,NA,1,0,7,1,1,1,3,5,1,4,5,5,5,5,16,4,I set up machines that make circuit boards,1,1,-1.614123693048919,-0.8628432716225531,-1.501366948356307,-1.326111304342593,2,3,5
2026-02-25T10:50:14Z,2026-02-25T10:54:14Z,0,100,240,1,2026-02-25T10:54:14Z,R_5qy7eZ7ufcL2wJb,anonymous,EN,1,1,1,40,2,NA,1,NA,16,1,5,3,5,1,10,NA,1,0,7,1,1,1,1,3,1,3,4,4,4,5,40,4,I do data entry.,1,1,-1.614123693048919,-0.8628432716225531,-1.501366948356307,-1.326111304342593,5,4.5,3
2026-02-25T10:48:19Z,2026-02-25T10:56:08Z,0,100,468,1,2026-02-25T10:56:08Z,R_7ze7y9Xwzqh794t,anonymous,EN,0.8999999761581421,1,1,36,10,NA,3,NA,5,1,4,4,2,4,247,NA,4,60,456,4,5,4,3,4,1,4,5,4,4,5,16,4,"I manage a group of technicans in a manufacturing firm, I oversee daily duties being executed.",1,1,-0.04112417052353919,2.771431210366453,0.7396978623609123,1.1566683007346086,2,3,4
2026-02-25T10:41:16Z,2026-02-25T10:58:25Z,0,100,1028,1,2026-02-25T10:58:26Z,R_6b12V1MWOrzo6Tg,anonymous,EN,0.8999999761581421,1,1,35,10,NA,3,NA,8,1,5,4,4,3,125,NA,6,20,1235,3,4,4,2,4,2,NA,4,4,4,5,36,4,Sr Program manager for a non profit agency where I manage 4 programs that provide social services.,1,1,1.007542177826714,0.34858155570711546,-0.007323741211494155,0.4495999974407784,3,4,4
2026-02-25T10:51:57Z,2026-02-25T10:58:45Z,0,100,407,1,2026-02-25T10:58:45Z,R_6EF6UlBwo7tt4b6,anonymous,EN,1,1,1,40,11,construction,1,NA,25,1,5,5,5,2,10,NA,1,0,7,3,3,3,3,4,2,NA,5,5,5,3,25,4,my job is to install acoustical ceilings,1,1,-1.614123693048919,-0.8628432716225531,-0.007323741211494155,-0.8280969019609887,4,4.75,4
2026-02-25T10:49:35Z,2026-02-25T11:00:48Z,0,100,672,1,2026-02-25T11:00:48Z,R_1IY77Oxm2clO9zE,anonymous,EN,1,1,1,40,1,NA,1,NA,25.5,1,4,5,3,5,28,NA,3,2,124,1,4,4,3,3,1,3,5,4,3,4,25,4,electrical engineering involving data analysis and new product development for high tech chips,1,1,-0.5654573446986658,-0.7417007888895862,-1.501366948356307,-0.936175027314853,1,3.25,3
2026-02-25T10:56:29Z,2026-02-25T11:01:05Z,0,100,275,1,2026-02-25T11:01:05Z,R_7AkSXGLpzQe3AD7,anonymous,EN,1,1,1,45,11,Education administration,6,Administrator,16,1,4,4,4,2,2,NA,4,5,1236,4,4,4,2,4,1,5,4,4,3,4,30,4,"I am the department administrator of a University department and I advise students,  but I also help run the department.",1,1,-0.04112417052353919,-0.5599870647901359,0.7396978623609123,0.04619554234907904,4,4,4
2026-02-25T10:57:03Z,2026-02-25T11:02:42Z,0,100,339,1,2026-02-25T11:02:42Z,R_6pSTf9HBdcrauZZ,anonymous,EN,1,1,1,40,1,NA,4,NA,5,1,4,4,4,2,123,NA,5,20,12346,4,4,4,2,4,1,4,5,5,4,5,21,4,I am the Director of IT at a software company.,1,1,0.4832090036515874,0.34858155570711546,0.7396978623609123,0.5238294739065383,4,4,4
2026-02-25T10:39:28Z,2026-02-25T11:06:46Z,0,100,1637,1,2026-02-25T11:06:46Z,R_6FmQWBCkXEwotN2,anonymous,EN,1,1,1,42,11,Sole Proprietor,5,NA,4,1,4,5,4,2,123,NA,6,25,12356,5,5,5,3,4,2,NA,4,4,4,5,5,4,"My primary job is to build and systemize a scalable creative empire that generates consistent income through music, writing, teaching, and intellectual property.",1,1,1.007542177826714,0.6514377625395327,1.4867194659333187,1.0485664687665217,4,4.25,4
2026-02-25T11:00:31Z,2026-02-25T11:08:55Z,0,100,504,1,2026-02-25T11:08:55Z,R_6XiVwEStoDG2Efc,anonymous,EN,1,1,1,40,11,Hospitality,4,NA,2,1,5,5,5,2,9,CHATGPT,2,2,3,2,1,3,1,5,1,5,5,5,4,5,14,4,I am a customer success manager.,1,1,-1.0897905188737924,-0.7417007888895862,-0.7543453447839006,-0.8619455508490931,4,4.75,5
2026-02-25T11:07:38Z,2026-02-25T11:09:16Z,0,100,98,1,2026-02-25T11:09:17Z,R_1WNMJET1ycUrjhl,anonymous,EN,1,1,1,45,6,NA,1,NA,3,1,4,4,4,4,17,NA,6,25,136,4,5,5,2,4,2,NA,4,4,5,4,3,4,Financial advisor,1,1,1.007542177826714,0.6514377625395327,0.7396978623609123,0.7995592675757196,2,3.5,4
2026-02-25T11:11:02Z,2026-02-25T11:16:01Z,0,100,298,1,2026-02-25T11:16:02Z,R_7rOmKsyv9UKeOWD,anonymous,EN,1,1,1,40,2,NA,4,NA,13,1,4,4,4,4,10,NA,1,0,7,1,1,1,1,3,2,NA,5,5,5,5,23,4,I analyze data and make reports for people above me to look at and make business decisions.,1,1,-1.614123693048919,-0.8628432716225531,-1.501366948356307,-1.326111304342593,2,3.5,3
2026-02-25T11:17:10Z,2026-02-25T11:19:16Z,0,100,125,1,2026-02-25T11:19:16Z,R_6NJsSSJbhf7igeG,anonymous,EN,1,1,1,45,9,NA,2,NA,1.5,1,4,5,2,5,1,NA,5,20,1235,4,5,4,3,4,1,4,4,5,4,5,4,4,I am an attorney in a medium-sized law firm.,1,1,0.4832090036515874,0.34858155570711546,0.7396978623609123,0.5238294739065383,1,3,4
2026-02-25T11:17:10Z,2026-02-25T11:21:52Z,0,100,281,1,2026-02-25T11:21:52Z,R_3s7KixeKZxu9rO4,anonymous,EN,0.8999999761581421,1,1,45,2,NA,1,NA,20,1,2,2,1,4,18,NA,6,15,5,3,3,3,5,3,2,NA,4,3,3,3,30,4,I do various kinds of research and analysis for various tasks.,1,1,1.007542177826714,0.04572534887469833,-0.007323741211494155,0.3486479284966394,2,1.75,3
